0,1,2,3,4,5
egg,cheese,bacon,,,
sausage,biscuit,gravy,,,
egg,cheese,ham,,,
egg,cheese,,,,
ham,english muffin,cheese,egg,,
egg,cheese,ham,,,
egg,cheese,bacon,,,
sausage,biscuit,gravy,,,
biscuit,gravy,,,,
bacon,biscuit,gravy,,,
avocado,white bread,,,,
egg,cheese,ham,,,
sausage,english muffin,cheese,egg,,
egg,cheese,ham,,,
ham,english muffin,cheese,,,
bacon,biscuit,gravy,,,
egg,cheese,ham,,,
oatmeal,bacon,,,,
ham,english muffin,cheese,egg,,
oatmeal,bacon,,,,
bacon,biscuit,gravy,,,
oatmeal,bacon,,,,
egg,cheese,bacon,,,
egg,cheese,,,,
jelly,biscuit,,,,
jelly,biscuit,,,,
sausage,english muffin,cheese,egg,,
avocado,white bread,,,,
egg,cheese,ham,,,
avocado,white bread,,,,
biscuit,gravy,,,,
sausage,english muffin,cheese,egg,,
ham,english muffin,cheese,,,
avocado,white bread,,,,
jelly,white bread,,,,
oatmeal,bacon,,,,
jelly,white bread,,,,
english muffin,avocado,ham,gravy,bacon,sausage
sausage,english muffin,cheese,egg,,
egg,cheese,,,,
egg,cheese,,,,
oatmeal,bacon,,,,
jelly,white bread,,,,
avocado,white bread,,,,
sausage,biscuit,gravy,,,
sausage,english muffin,cheese,egg,,
sausage,biscuit,gravy,,,
sausage,english muffin,cheese,egg,,
avocado,white bread,,,,
ham,english muffin,cheese,egg,,
biscuit,gravy,,,,
oatmeal,jelly,,,,
jelly,biscuit,,,,
jelly,white bread,,,,
jelly,biscuit,,,,
sausage,biscuit,gravy,,,
biscuit,gravy,,,,
jelly,white bread,,,,
sausage,biscuit,gravy,,,
sausage,biscuit,gravy,,,
ham,english muffin,cheese,egg,,
egg,cheese,ham,,,
egg,cheese,,,,
sausage,english muffin,cheese,egg,,
ham,english muffin,cheese,egg,,
ham,english muffin,cheese,egg,,
egg,cheese,,,,
biscuit,gravy,,,,
bacon,biscuit,gravy,,,
jelly,biscuit,,,,
egg,cheese,bacon,,,
egg,cheese,,,,
sausage,english muffin,cheese,egg,,
avocado,white bread,,,,
egg,cheese,bacon,,,
egg,cheese,,,,
egg,cheese,bacon,,,
bacon,biscuit,gravy,,,
oatmeal,bacon,,,,
sausage,biscuit,gravy,,,
egg,cheese,bacon,,,
egg,cheese,bacon,,,
bacon,biscuit,gravy,,,
bacon,biscuit,gravy,,,
sausage,biscuit,gravy,,,
egg,cheese,bacon,,,
jelly,biscuit,,,,
bacon,biscuit,gravy,,,
egg,cheese,,,,
egg,cheese,,,,
sausage,english muffin,cheese,egg,,
egg,cheese,,,,
ham,english muffin,cheese,egg,,
jelly,biscuit,,,,
bacon,biscuit,gravy,,,
avocado,white bread,,,,
egg,cheese,bacon,,,
jelly,biscuit,,,,
avocado,white bread,,,,
ham,english muffin,cheese,,,
egg,cheese,bacon,,,
egg,cheese,bacon,,,
jelly,biscuit,,,,
egg,cheese,,,,
biscuit,gravy,,,,
sausage,biscuit,gravy,,,
jelly,biscuit,,,,
sausage,biscuit,gravy,,,
egg,cheese,,,,
sausage,english muffin,cheese,egg,,
sausage,biscuit,gravy,,,
bacon,biscuit,gravy,,,
biscuit,gravy,,,,
jelly,white bread,,,,
avocado,white bread,,,,
bacon,biscuit,gravy,,,
egg,biscuit,oatmeal,oatmeal,,
bacon,biscuit,gravy,,,
avocado,white bread,,,,
egg,cheese,,,,
biscuit,gravy,,,,
sausage,biscuit,gravy,,,
jelly,biscuit,,,,
sausage,biscuit,gravy,,,
jelly,biscuit,,,,
egg,cheese,,,,
egg,cheese,bacon,,,
sausage,english muffin,cheese,egg,,
ham,english muffin,cheese,egg,,
ham,english muffin,cheese,egg,,
ham,english muffin,cheese,egg,,
egg,cheese,bacon,,,
ham,english muffin,cheese,,,
egg,cheese,bacon,,,
cheese,ham,,,,
sausage,biscuit,gravy,,,
avocado,white bread,,,,
white bread,biscuit,ham,jelly,,
egg,cheese,ham,,,
sausage,biscuit,gravy,,,
egg,cheese,,,,
jelly,biscuit,,,,
sausage,biscuit,gravy,,,
egg,cheese,bacon,,,
sausage,english muffin,cheese,egg,,
sausage,biscuit,gravy,,,
sausage,english muffin,cheese,egg,,
ham,english muffin,cheese,,,
ham,english muffin,cheese,,,
egg,cheese,,,,
avocado,white bread,,,,
oatmeal,bacon,,,,
egg,cheese,ham,,,
bacon,biscuit,gravy,,,
sausage,english muffin,cheese,egg,,
sausage,biscuit,gravy,,,
avocado,white bread,,,,
sausage,english muffin,cheese,egg,,
ham,english muffin,cheese,,,
sausage,biscuit,gravy,,,
biscuit,gravy,,,,
gravy,bacon,,,,
biscuit,gravy,,,,
ham,english muffin,cheese,,,
bacon,biscuit,gravy,,,
cheese,sausage,oatmeal,,,
sausage,biscuit,gravy,,,
egg,cheese,bacon,,,
biscuit,gravy,,,,
jelly,white bread,,,,
ham,english muffin,cheese,,,
bacon,biscuit,gravy,,,
white bread,biscuit,sausage,,,
sausage,english muffin,cheese,egg,,
egg,cheese,bacon,,,
jelly,biscuit,,,,
biscuit,gravy,,,,
egg,cheese,,,,
oatmeal,bacon,,,,
sausage,biscuit,gravy,,,
bacon,biscuit,gravy,,,
egg,cheese,bacon,,,
avocado,white bread,,,,
jelly,biscuit,,,,
egg,cheese,,,,
jelly,biscuit,,,,
oatmeal,bacon,,,,
egg,cheese,bacon,,,
sausage,bacon,gravy,oatmeal,,
ham,english muffin,cheese,,,
sausage,biscuit,gravy,,,
jelly,biscuit,,,,
jelly,white bread,,,,
oatmeal,bacon,,,,
egg,cheese,bacon,,,
sausage,biscuit,gravy,,,
bacon,biscuit,gravy,,,
jelly,white bread,,,,
jelly,biscuit,,,,
bacon,biscuit,gravy,,,
bacon,biscuit,gravy,,,
biscuit,gravy,,,,
jelly,white bread,,,,
avocado,white bread,,,,
egg,cheese,,,,
bacon,biscuit,gravy,,,
ham,english muffin,cheese,,,
jelly,biscuit,,,,
avocado,white bread,,,,
oatmeal,bacon,,,,
sausage,biscuit,gravy,,,
egg,cheese,bacon,,,
jelly,biscuit,,,,
jelly,white bread,,,,
egg,cheese,ham,,,
oatmeal,bacon,,,,
bacon,biscuit,gravy,,,
egg,cheese,ham,,,
egg,cheese,ham,,,
sausage,english muffin,cheese,egg,,
egg,cheese,,,,
egg,cheese,bacon,,,
sausage,biscuit,gravy,,,
sausage,biscuit,gravy,,,
oatmeal,bacon,,,,
white bread,gravy,biscuit,oatmeal,,
jelly,white bread,,,,
egg,cheese,ham,,,
egg,cheese,ham,,,
ham,english muffin,cheese,egg,,
egg,cheese,,,,
ham,english muffin,cheese,egg,,
egg,cheese,,,,
egg,cheese,ham,,,
egg,cheese,ham,,,
ham,english muffin,cheese,,,
jelly,biscuit,,,,
sausage,biscuit,gravy,,,
jelly,biscuit,,,,
ham,english muffin,cheese,,,
avocado,white bread,,,,
oatmeal,bacon,,,,
jelly,white bread,,,,
egg,cheese,ham,,,
avocado,white bread,,,,
sausage,biscuit,gravy,,,
bacon,biscuit,gravy,,,
egg,cheese,bacon,,,
ham,english muffin,cheese,,,
egg,cheese,ham,,,
jelly,white bread,,,,
jelly,white bread,,,,
jelly,white bread,,,,
ham,english muffin,cheese,egg,,
bacon,biscuit,gravy,,,
egg,cheese,bacon,,,
sausage,biscuit,gravy,,,
sausage,biscuit,gravy,,,
egg,cheese,,,,
jelly,white bread,,,,
ham,english muffin,cheese,,,
egg,cheese,ham,,,
avocado,white bread,,,,
bacon,biscuit,gravy,,,
jelly,white bread,,,,
oatmeal,bacon,,,,
avocado,white bread,,,,
egg,cheese,bacon,,,
ham,english muffin,cheese,egg,,
egg,cheese,bacon,,,
egg,cheese,ham,,,
egg,cheese,ham,,,
sausage,biscuit,gravy,,,
egg,cheese,ham,,,
ham,english muffin,cheese,,,
sausage,biscuit,gravy,,,
sausage,biscuit,gravy,,,
jelly,biscuit,,,,
jelly,white bread,,,,
sausage,english muffin,cheese,egg,,
jelly,biscuit,,,,
bacon,biscuit,gravy,,,
egg,cheese,bacon,,,
bacon,biscuit,gravy,,,
ham,english muffin,cheese,,,
ham,english muffin,cheese,,,
bacon,biscuit,gravy,,,
bacon,biscuit,gravy,,,
egg,cheese,,,,
egg,cheese,,,,
ham,english muffin,cheese,egg,,
jelly,white bread,,,,
ham,english muffin,cheese,,,
jelly,white bread,,,,
ham,english muffin,cheese,egg,,
sausage,biscuit,gravy,,,
egg,cheese,ham,,,
jelly,biscuit,,,,
sausage,english muffin,cheese,egg,,
sausage,biscuit,gravy,,,
egg,cheese,,,,
ham,english muffin,cheese,,,
jelly,biscuit,,,,
jelly,biscuit,,,,
bacon,biscuit,gravy,,,
jelly,biscuit,,,,
white bread,white bread,jelly,egg,,
ham,english muffin,cheese,egg,,
sausage,biscuit,gravy,,,
sausage,english muffin,cheese,egg,,
jelly,white bread,,,,
oatmeal,bacon,,,,
bacon,biscuit,gravy,,,
avocado,gravy,avocado,biscuit,sausage,gravy
sausage,english muffin,cheese,egg,,
jelly,white bread,,,,
egg,cheese,bacon,,,
jelly,white bread,,,,
sausage,english muffin,cheese,egg,,
egg,cheese,bacon,,,
sausage,english muffin,cheese,egg,,
jelly,white bread,,,,
biscuit,gravy,,,,
egg,cheese,bacon,,,
oatmeal,bacon,,,,
egg,cheese,ham,,,
bacon,biscuit,gravy,,,
jelly,biscuit,,,,
egg,cheese,ham,,,
sausage,biscuit,gravy,,,
sausage,biscuit,gravy,,,
ham,english muffin,cheese,egg,,
sausage,biscuit,gravy,,,
ham,english muffin,cheese,egg,,
jelly,white bread,,,,
oatmeal,bacon,,,,
egg,cheese,bacon,,,
avocado,white bread,,,,
ham,english muffin,cheese,egg,,
egg,cheese,bacon,,,
sausage,biscuit,gravy,,,
egg,cheese,ham,,,
egg,cheese,ham,,,
oatmeal,bacon,,,,
ham,english muffin,cheese,,,
ham,english muffin,cheese,,,
avocado,white bread,,,,
jelly,white bread,,,,
egg,cheese,,,,
egg,cheese,,,,
egg,cheese,bacon,,,
jelly,white bread,,,,
jelly,biscuit,,,,
avocado,white bread,,,,
jelly,white bread,,,,
biscuit,gravy,,,,
jelly,white bread,,,,
oatmeal,bacon,,,,
jelly,white bread,,,,
egg,cheese,bacon,,,
ham,english muffin,cheese,egg,,
bacon,biscuit,gravy,,,
ham,english muffin,cheese,,,
egg,cheese,bacon,,,
bacon,biscuit,gravy,,,
ham,english muffin,cheese,egg,,
egg,cheese,ham,,,
jelly,white bread,,,,
biscuit,gravy,,,,
jelly,biscuit,,,,
egg,cheese,,,,
egg,cheese,bacon,,,
egg,cheese,ham,,,
ham,english muffin,cheese,egg,,
avocado,white bread,,,,
jelly,white bread,,,,
biscuit,gravy,,,,
ham,english muffin,cheese,egg,,
ham,english muffin,cheese,egg,,
ham,english muffin,cheese,,,
biscuit,gravy,,,,
jelly,biscuit,,,,
avocado,white bread,,,,
sausage,biscuit,gravy,,,
ham,english muffin,cheese,egg,,
bacon,biscuit,gravy,,,
avocado,white bread,,,,
bacon,biscuit,gravy,,,
jelly,white bread,,,,
sausage,english muffin,cheese,egg,,
egg,cheese,ham,,,
bacon,biscuit,gravy,,,
jelly,white bread,,,,
jelly,white bread,,,,
ham,english muffin,cheese,egg,,
ham,english muffin,cheese,egg,,
oatmeal,bacon,,,,
jelly,white bread,,,,
jelly,biscuit,,,,
sausage,biscuit,gravy,,,
jelly,white bread,,,,
egg,cheese,bacon,,,
egg,cheese,,,,
sausage,biscuit,gravy,,,
sausage,english muffin,cheese,egg,,
jelly,biscuit,,,,
jelly,biscuit,,,,
jelly,white bread,,,,
bacon,biscuit,gravy,,,
ham,english muffin,cheese,egg,,
ham,english muffin,cheese,,,
oatmeal,bacon,,,,
oatmeal,bacon,,,,
avocado,white bread,,,,
sausage,english muffin,cheese,egg,,
ham,english muffin,cheese,,,
jelly,white bread,,,,
egg,cheese,bacon,,,
avocado,white bread,,,,
egg,cheese,ham,,,
sausage,biscuit,gravy,,,
biscuit,gravy,,,,
egg,cheese,ham,,,
sausage,oatmeal,,,,
avocado,white bread,,,,
egg,cheese,,,,
jelly,biscuit,,,,
biscuit,gravy,,,,
jelly,white bread,,,,
jelly,biscuit,,,,
sausage,english muffin,cheese,egg,,
egg,cheese,,,,
avocado,white bread,,,,
egg,cheese,,,,
bacon,biscuit,gravy,,,
egg,cheese,bacon,,,
egg,cheese,,,,
sausage,english muffin,cheese,egg,,
ham,english muffin,cheese,egg,,
jelly,white bread,,,,
ham,english muffin,cheese,,,
egg,cheese,,,,
jelly,white bread,,,,
sausage,english muffin,cheese,egg,,
biscuit,gravy,,,,
avocado,white bread,,,,
biscuit,gravy,,,,
egg,cheese,bacon,,,
bacon,biscuit,gravy,,,
biscuit,gravy,,,,
bacon,biscuit,gravy,,,
ham,english muffin,cheese,egg,,
bacon,biscuit,gravy,,,
biscuit,gravy,,,,
sausage,biscuit,gravy,,,
jelly,white bread,,,,
biscuit,gravy,,,,
avocado,white bread,,,,
oatmeal,bacon,,,,
egg,cheese,ham,,,
jelly,biscuit,,,,
egg,cheese,,,,
biscuit,gravy,,,,
egg,cheese,,,,
sausage,biscuit,gravy,,,
ham,english muffin,cheese,,,
avocado,white bread,,,,
egg,cheese,,,,
avocado,white bread,,,,
jelly,biscuit,,,,
biscuit,gravy,,,,
ham,english muffin,cheese,egg,,
sausage,biscuit,gravy,,,
egg,cheese,bacon,,,
bacon,biscuit,gravy,,,
biscuit,gravy,,,,
sausage,english muffin,cheese,egg,,
biscuit,gravy,,,,
bacon,biscuit,gravy,,,
oatmeal,bacon,,,,
sausage,biscuit,gravy,,,
egg,cheese,ham,,,
sausage,english muffin,cheese,egg,,
avocado,white bread,,,,
egg,cheese,ham,,,
sausage,biscuit,gravy,,,
ham,english muffin,cheese,egg,,
bacon,biscuit,gravy,,,
egg,cheese,ham,,,
biscuit,gravy,,,,
sausage,biscuit,gravy,,,
oatmeal,bacon,,,,
bacon,biscuit,gravy,,,
biscuit,gravy,,,,
sausage,biscuit,gravy,,,
egg,cheese,ham,,,
ham,english muffin,cheese,egg,,
jelly,white bread,,,,
egg,cheese,bacon,,,
oatmeal,bacon,,,,
egg,cheese,ham,,,
bacon,biscuit,gravy,,,
bacon,biscuit,gravy,,,
ham,english muffin,cheese,,,
ham,english muffin,cheese,egg,,
ham,english muffin,cheese,,,
avocado,white bread,,,,
avocado,white bread,,,,
egg,cheese,ham,,,
avocado,white bread,,,,
biscuit,gravy,,,,
avocado,white bread,,,,
oatmeal,bacon,,,,
sausage,biscuit,gravy,,,
biscuit,gravy,,,,
bacon,biscuit,gravy,,,
sausage,biscuit,gravy,,,
sausage,english muffin,cheese,egg,,
avocado,white bread,,,,
bacon,biscuit,gravy,,,
ham,english muffin,cheese,,,
egg,cheese,,,,
ham,english muffin,cheese,,,
jelly,biscuit,,,,
jelly,white bread,,,,
bacon,biscuit,gravy,,,
avocado,white bread,,,,
jelly,white bread,,,,
sausage,english muffin,cheese,egg,,
oatmeal,bacon,,,,
avocado,white bread,,,,
bacon,biscuit,gravy,,,
oatmeal,bacon,,,,
ham,english muffin,cheese,egg,,
egg,cheese,ham,,,
jelly,white bread,,,,
bacon,biscuit,gravy,,,
jelly,biscuit,,,,
egg,cheese,ham,,,
egg,cheese,bacon,,,
oatmeal,bacon,,,,
jelly,white bread,,,,
ham,english muffin,cheese,,,
oatmeal,bacon,,,,
bacon,biscuit,gravy,,,
egg,cheese,ham,,,
ham,english muffin,cheese,egg,,
egg,cheese,ham,,,
jelly,white bread,,,,
bacon,biscuit,gravy,,,
jelly,white bread,,,,
ham,english muffin,cheese,egg,,
egg,cheese,ham,,,
ham,english muffin,cheese,egg,,
oatmeal,bacon,,,,
ham,english muffin,cheese,,,
avocado,white bread,,,,
ham,english muffin,cheese,egg,,
jelly,white bread,,,,
bacon,biscuit,gravy,,,
ham,english muffin,cheese,egg,,
egg,cheese,,,,
ham,english muffin,cheese,,,
egg,cheese,ham,,,
ham,english muffin,cheese,egg,,
ham,english muffin,cheese,,,
sausage,biscuit,gravy,,,
egg,cheese,,,,
egg,cheese,ham,,,
bacon,biscuit,gravy,,,
jelly,biscuit,,,,
egg,cheese,bacon,,,
bacon,biscuit,gravy,,,
egg,cheese,,,,
bacon,biscuit,gravy,,,
jelly,white bread,,,,
jelly,biscuit,,,,
egg,cheese,bacon,,,
jelly,biscuit,,,,
jelly,white bread,,,,
jelly,white bread,,,,
egg,cheese,,,,
oatmeal,bacon,,,,
egg,cheese,,,,
bacon,biscuit,gravy,,,
ham,english muffin,cheese,,,
avocado,white bread,,,,
oatmeal,bacon,,,,
bacon,biscuit,gravy,,,
jelly,white bread,,,,
avocado,oatmeal,,,,
jelly,white bread,,,,
oatmeal,bacon,,,,
jelly,white bread,,,,
egg,cheese,,,,
bacon,biscuit,gravy,,,
bacon,biscuit,gravy,,,
avocado,white bread,,,,
sausage,biscuit,gravy,,,
avocado,white bread,,,,
ham,english muffin,cheese,,,
avocado,white bread,,,,
bacon,biscuit,gravy,,,
sausage,english muffin,cheese,egg,,
oatmeal,bacon,,,,
sausage,english muffin,cheese,egg,,
biscuit,gravy,,,,
oatmeal,bacon,,,,
ham,english muffin,cheese,,,
sausage,biscuit,gravy,,,
bacon,biscuit,gravy,,,
egg,cheese,,,,
egg,cheese,,,,
ham,english muffin,cheese,,,
sausage,biscuit,gravy,,,
jelly,white bread,,,,
avocado,white bread,,,,
sausage,biscuit,gravy,,,
egg,cheese,bacon,,,
sausage,biscuit,gravy,,,
jelly,white bread,,,,
sausage,english muffin,cheese,egg,,
egg,cheese,ham,,,
egg,cheese,ham,,,
egg,cheese,ham,,,
ham,english muffin,cheese,egg,,
sausage,english muffin,cheese,egg,,
jelly,white bread,,,,
jelly,biscuit,,,,
sausage,english muffin,cheese,egg,,
biscuit,gravy,,,,
ham,english muffin,cheese,,,
jelly,white bread,,,,
ham,english muffin,cheese,,,
egg,cheese,bacon,,,
egg,cheese,bacon,,,
egg,cheese,bacon,,,
egg,cheese,ham,,,
oatmeal,bacon,,,,
bacon,biscuit,gravy,,,
bacon,biscuit,gravy,,,
jelly,white bread,,,,
sausage,english muffin,cheese,egg,,
jelly,white bread,,,,
ham,english muffin,cheese,egg,,
ham,english muffin,cheese,egg,,
jelly,white bread,,,,
egg,cheese,,,,
sausage,biscuit,gravy,,,
sausage,biscuit,gravy,,,
jelly,biscuit,,,,
egg,cheese,bacon,,,
ham,english muffin,cheese,,,
ham,english muffin,cheese,egg,,
egg,cheese,ham,,,
sausage,english muffin,cheese,egg,,
jelly,white bread,,,,
egg,cheese,bacon,,,
sausage,biscuit,gravy,,,
ham,english muffin,cheese,,,
jelly,white bread,,,,
jelly,white bread,,,,
jelly,white bread,,,,
biscuit,gravy,,,,
sausage,english muffin,cheese,egg,,
egg,cheese,ham,,,
ham,english muffin,cheese,,,
bacon,biscuit,gravy,,,
egg,cheese,,,,
ham,english muffin,cheese,,,
jelly,white bread,,,,
jelly,biscuit,,,,
jelly,biscuit,,,,
avocado,white bread,,,,
bacon,biscuit,gravy,,,
sausage,biscuit,gravy,,,
egg,cheese,bacon,,,
egg,cheese,ham,,,
ham,english muffin,cheese,,,
bacon,biscuit,gravy,,,
egg,cheese,ham,,,
jelly,white bread,,,,
egg,cheese,,,,
ham,english muffin,cheese,,,
ham,english muffin,cheese,egg,,
egg,cheese,bacon,,,
egg,cheese,ham,,,
jelly,biscuit,,,,
egg,cheese,bacon,,,
egg,cheese,,,,
egg,cheese,bacon,,,
ham,english muffin,cheese,,,
bacon,biscuit,gravy,,,
sausage,biscuit,gravy,,,
avocado,white bread,,,,
bacon,biscuit,gravy,,,
jelly,white bread,,,,
oatmeal,bacon,,,,
egg,cheese,bacon,,,
sausage,biscuit,gravy,,,
egg,cheese,ham,,,
jelly,biscuit,,,,
egg,cheese,bacon,,,
egg,cheese,bacon,,,
bacon,biscuit,gravy,,,
ham,english muffin,cheese,,,
oatmeal,bacon,,,,
jelly,white bread,,,,
avocado,white bread,,,,
ham,english muffin,cheese,,,
jelly,biscuit,,,,
sausage,english muffin,cheese,egg,,
jelly,biscuit,,,,
jelly,biscuit,,,,
ham,english muffin,cheese,,,
egg,cheese,ham,,,
biscuit,gravy,,,,
jelly,white bread,,,,
ham,english muffin,cheese,,,
biscuit,gravy,,,,
oatmeal,bacon,,,,
bacon,biscuit,gravy,,,
biscuit,gravy,,,,
egg,cheese,bacon,,,
ham,english muffin,cheese,,,
oatmeal,bacon,,,,
ham,english muffin,cheese,egg,,
avocado,white bread,,,,
egg,cheese,ham,,,
ham,english muffin,cheese,egg,,
ham,english muffin,cheese,,,
egg,cheese,,,,
oatmeal,bacon,,,,
biscuit,gravy,,,,
biscuit,gravy,,,,
egg,cheese,,,,
egg,cheese,bacon,,,
avocado,white bread,,,,
egg,cheese,,,,
ham,english muffin,cheese,,,
biscuit,gravy,,,,
biscuit,gravy,,,,
biscuit,gravy,,,,
jelly,english muffin,,,,
egg,cheese,bacon,,,
sausage,english muffin,cheese,egg,,
ham,english muffin,cheese,,,
egg,cheese,ham,,,
avocado,white bread,,,,
oatmeal,bacon,,,,
avocado,white bread,,,,
bacon,biscuit,gravy,,,
ham,english muffin,cheese,egg,,
biscuit,gravy,,,,
sausage,english muffin,cheese,egg,,
egg,cheese,bacon,,,
avocado,white bread,,,,
oatmeal,bacon,,,,
sausage,english muffin,cheese,egg,,
ham,english muffin,cheese,egg,,
oatmeal,bacon,,,,
ham,english muffin,cheese,egg,,
biscuit,gravy,,,,
bacon,biscuit,gravy,,,
sausage,english muffin,cheese,egg,,
egg,cheese,,,,
jelly,biscuit,,,,
oatmeal,bacon,,,,
oatmeal,bacon,,,,
egg,cheese,bacon,,,
avocado,white bread,,,,
sausage,biscuit,gravy,,,
jelly,white bread,,,,
egg,cheese,ham,,,
egg,cheese,ham,,,
egg,cheese,ham,,,
jelly,white bread,,,,
egg,cheese,bacon,,,
jelly,white bread,,,,
jelly,white bread,,,,
egg,cheese,ham,,,
sausage,english muffin,cheese,egg,,
avocado,white bread,,,,
sausage,english muffin,cheese,egg,,
biscuit,gravy,,,,
egg,cheese,,,,
egg,cheese,bacon,,,
egg,cheese,ham,,,
biscuit,gravy,,,,
sausage,english muffin,cheese,egg,,
jelly,white bread,,,,
bacon,biscuit,gravy,,,
sausage,biscuit,gravy,,,
ham,english muffin,cheese,egg,,
jelly,white bread,,,,
sausage,english muffin,cheese,egg,,
biscuit,gravy,,,,
sausage,biscuit,gravy,,,
egg,cheese,bacon,,,
egg,cheese,ham,,,
ham,english muffin,cheese,,,
jelly,biscuit,,,,
jelly,biscuit,,,,
egg,cheese,,,,
sausage,english muffin,cheese,egg,,
egg,cheese,ham,,,
egg,cheese,ham,,,
sausage,biscuit,gravy,,,
avocado,white bread,,,,
egg,cheese,ham,,,
jelly,biscuit,,,,
avocado,white bread,,,,
bacon,biscuit,gravy,,,
gravy,bacon,bacon,white bread,egg,white bread
oatmeal,bacon,,,,
biscuit,gravy,,,,
jelly,biscuit,,,,
sausage,english muffin,cheese,egg,,
sausage,biscuit,gravy,,,
ham,english muffin,cheese,egg,,
avocado,white bread,,,,
ham,english muffin,cheese,,,
jelly,biscuit,,,,
egg,cheese,ham,,,
egg,cheese,bacon,,,
sausage,english muffin,cheese,egg,,
biscuit,gravy,,,,
jelly,white bread,,,,
egg,cheese,,,,
jelly,white bread,,,,
egg,cheese,ham,,,
egg,cheese,,,,
ham,english muffin,cheese,egg,,
avocado,white bread,,,,
sausage,biscuit,gravy,,,
ham,english muffin,cheese,egg,,
sausage,biscuit,gravy,,,
egg,cheese,,,,
sausage,english muffin,cheese,egg,,
egg,cheese,bacon,,,
egg,cheese,,,,
sausage,english muffin,cheese,egg,,
egg,cheese,,,,
biscuit,gravy,,,,
ham,english muffin,cheese,,,
sausage,biscuit,gravy,,,
sausage,biscuit,gravy,,,
egg,cheese,,,,
egg,cheese,,,,
sausage,biscuit,gravy,,,
ham,english muffin,cheese,egg,,
egg,cheese,,,,
sausage,biscuit,gravy,,,
ham,english muffin,cheese,egg,,
sausage,english muffin,cheese,egg,,
jelly,biscuit,,,,
jelly,biscuit,,,,
sausage,biscuit,gravy,,,
biscuit,gravy,,,,
avocado,white bread,,,,
jelly,biscuit,,,,
ham,english muffin,cheese,,,
bacon,biscuit,gravy,,,
jelly,biscuit,,,,
avocado,white bread,,,,
bacon,biscuit,gravy,,,
ham,english muffin,cheese,egg,,
sausage,biscuit,gravy,,,
jelly,white bread,,,,
bacon,biscuit,gravy,,,
sausage,english muffin,cheese,egg,,
jelly,biscuit,,,,
ham,english muffin,cheese,egg,,
avocado,white bread,,,,
sausage,biscuit,gravy,,,
biscuit,gravy,,,,
jelly,biscuit,,,,
white bread,egg,bacon,,,
egg,cheese,,,,
sausage,english muffin,cheese,egg,,
ham,english muffin,cheese,egg,,
sausage,biscuit,gravy,,,
sausage,english muffin,cheese,egg,,
oatmeal,bacon,,,,
jelly,white bread,,,,
avocado,white bread,,,,
bacon,biscuit,gravy,,,
jelly,biscuit,,,,
egg,cheese,ham,,,
bacon,biscuit,gravy,,,
sausage,english muffin,cheese,egg,,
egg,cheese,ham,,,
jelly,white bread,,,,
ham,english muffin,cheese,egg,,
biscuit,gravy,,,,
ham,english muffin,cheese,egg,,
avocado,white bread,,,,
jelly,biscuit,,,,
egg,cheese,bacon,,,
bacon,biscuit,gravy,,,
ham,english muffin,cheese,,,
sausage,english muffin,cheese,egg,,
jelly,biscuit,,,,
egg,cheese,bacon,,,
jelly,biscuit,,,,
sausage,biscuit,gravy,,,
ham,english muffin,cheese,egg,,
jelly,white bread,,,,
sausage,english muffin,cheese,egg,,
egg,cheese,ham,,,
egg,cheese,,,,
sausage,english muffin,cheese,egg,,
egg,cheese,ham,,,
jelly,white bread,,,,
sausage,english muffin,cheese,egg,,
ham,english muffin,cheese,egg,,
biscuit,gravy,,,,
biscuit,gravy,,,,
bacon,biscuit,gravy,,,
ham,english muffin,cheese,egg,,
ham,english muffin,cheese,egg,,
jelly,white bread,,,,
ham,english muffin,cheese,,,
ham,english muffin,cheese,egg,,
egg,cheese,,,,
oatmeal,bacon,,,,
egg,cheese,,,,
ham,english muffin,cheese,,,
jelly,white bread,,,,
egg,cheese,,,,
jelly,white bread,,,,
jelly,white bread,,,,
ham,english muffin,cheese,egg,,
ham,english muffin,cheese,,,
egg,cheese,,,,
egg,cheese,bacon,,,
egg,cheese,,,,
egg,cheese,bacon,,,
ham,english muffin,cheese,,,
jelly,biscuit,,,,
ham,english muffin,cheese,,,
sausage,biscuit,gravy,,,
biscuit,gravy,,,,
egg,cheese,,,,
jelly,white bread,,,,
egg,cheese,,,,
ham,english muffin,cheese,,,
ham,english muffin,cheese,egg,,
avocado,white bread,,,,
biscuit,gravy,,,,
sausage,english muffin,cheese,egg,,
egg,cheese,ham,,,
avocado,white bread,,,,
ham,english muffin,cheese,,,
oatmeal,bacon,,,,
oatmeal,bacon,,,,
sausage,english muffin,cheese,egg,,
bacon,biscuit,gravy,,,
ham,english muffin,cheese,egg,,
ham,english muffin,cheese,egg,,
egg,cheese,ham,,,
sausage,biscuit,gravy,,,
jelly,white bread,,,,
jelly,white bread,,,,
sausage,english muffin,cheese,egg,,
egg,cheese,ham,,,
avocado,white bread,,,,
sausage,biscuit,gravy,,,
egg,cheese,,,,
egg,cheese,ham,,,
sausage,english muffin,cheese,egg,,
avocado,white bread,,,,
sausage,biscuit,gravy,,,
sausage,english muffin,cheese,egg,,
egg,cheese,ham,,,
avocado,white bread,,,,
bacon,biscuit,gravy,,,
egg,cheese,,,,
avocado,white bread,,,,
oatmeal,bacon,,,,
sausage,english muffin,cheese,egg,,
bacon,biscuit,gravy,,,
egg,cheese,,,,
biscuit,gravy,,,,
egg,cheese,,,,
ham,english muffin,cheese,,,
sausage,english muffin,cheese,egg,,
oatmeal,bacon,,,,
ham,english muffin,cheese,,,
egg,cheese,ham,,,
jelly,biscuit,,,,
bacon,biscuit,gravy,,,
egg,cheese,ham,,,
jelly,white bread,,,,
sausage,english muffin,cheese,egg,,
sausage,biscuit,gravy,,,
oatmeal,bacon,,,,
ham,english muffin,cheese,,,
sausage,biscuit,gravy,,,
sausage,english muffin,cheese,egg,,
